x0,x1^1x2^0,x1^0x2^1,x1^2x2^0,x1^1x2^1,x1^0x2^2,x1^3x2^0,x1^2x2^1,x1^1x2^2,x1^0x2^3,x1^4x2^0,x1^3x2^1,x1^2x2^2,x1^1x2^3,x1^0x2^4,x1^5x2^0,x1^4x2^1,x1^3x2^2,x1^2x2^3,x1^1x2^4,x1^0x2^5,x1^6x2^0,x1^5x2^1,x1^4x2^2,x1^3x2^3,x1^2x2^4,x1^1x2^5,x1^0x2^6,y
1.0,0.05126699999999999,0.6995600000000001,0.0026283052889999993,0.03586434252,0.4893841936000001,0.00013474532725116293,0.0018386572479728398,0.0250892594532912,0.3423536064748161,6.90798869218537e-06,9.426244113182355e-05,0.0012862510643918798,0.017551442343144395,0.23949688894552237,3.541518562822673e-07,4.832552569505198e-06,6.594223331817848e-05,0.0008998097946059836,0.012278287005570094,0.16754244363072965,1.8156303216022996e-08,2.4775047258082293e-07,3.3806604755230564e-06,4.613054874006495e-05,0.0006294709399145619,0.008589398457616616,0.11720599186631325,1
1.0,-0.09274199999999999,0.68494,0.008601078563999998,-0.06352270548,0.4691428036,-0.0007976812281824877,0.005891222751626159,-0.04350924189147119,0.321334671897784,7.397855246410027e-05,-0.0005463637804313131,0.004035134111498821,-0.02980122014114428,0.22009497016966817,-6.860918912625587e-06,5.067086972476084e-05,-0.0003742264077686236,0.0027638247583300023,-0.020412047723475362,0.15075184886801252,6.362953417947221e-07,-4.69931780001377e-06,3.470650550927769e-05,-0.00025632263573704104,0.0018930541299705518,-0.013981027967717215,0.10325597136365648,1
1.0,-0.21370999999999998,0.69225,0.04567196409999999,-0.1479407475,0.47921006250000003,-0.009760555447810997,0.031616417148224996,-0.102411982456875,0.33173316576562506,0.002085928304751688,-0.006756744508747163,0.021886464770858753,-0.07089469485577173,0.22964228400125394,-0.00044578373800848326,0.0014439838689643562,-0.004677356386180224,0.015150905237626973,-0.049076852513907976,0.15896987109986804,9.526844264979294e-05,-0.00030859379263637257,0.0009995978332905757,-0.00323789995833326,0.010488214150747271,-0.0339734511527528,0.11004689326888366,1
1.0,-0.375,0.5021899999999999,0.140625,-0.18832124999999997,0.2521947960999999,-0.052734375,0.07062046874999998,-0.09457304853749995,0.12664970465345893,0.019775390625,-0.026482675781249996,0.035464893201562486,-0.0474936392450471,0.06360221517992053,-0.007415771484375,0.009931003417968749,-0.013299334950585932,0.01781011471689266,-0.023850830692470196,0.031940396441204284,0.002780914306640625,-0.0037241262817382806,0.004987250606469725,-0.006678793018834749,0.008944061509676323,-0.011977648665451607,0.01604014768880838,1
1.0,-0.51325,0.46563999999999994,0.2634255625,-0.23898972999999996,0.21682060959999994,-0.13520316995312498,0.12266147892249998,-0.11128317787719996,0.10096034865414397,0.0693930269784414,-0.0629560040569731,0.05711609104547288,-0.05181789894673939,0.047011176747315586,-0.035615971096685045,0.032312169082241445,-0.029314833729088954,0.02659553663441399,-0.024128486465559724,0.021890284340620028,0.0182798971653736,-0.01658422078146042,0.015045838411454905,-0.01365015917761298,0.012383945678448529,-0.01123518843782323,0.010192992000366309,1
1.0,-0.52477,0.2098,0.27538355289999994,-0.11009674599999998,0.04401603999999999,-0.14451302705533298,0.05777546939841998,-0.023098297310799994,0.009234565191999998,0.07583610120782708,-0.030318833076208855,0.012121293479788511,-0.004846022775805838,0.0019374117772815995,-0.03979651083083141,0.01591041403340212,-0.006360891179388617,0.0025430473720596293,-0.001016695578364065,0.00040646899087367955,0.0208840149886954,-0.00834930797230843,0.0033380048642077643,-0.0013345149694357317,0.0005335313386581103,-0.0002133027323407808,8.527719428529796e-05,1
1.0,-0.39804,0.034357,0.15843584160000002,-0.01367546028,0.001180403449,-0.063063802390464,0.0054433802098512,-0.00046984778883996,4.0555121297293e-05,0.02510191590350029,-0.0021666830587291712,0.0001870182138698577,-1.6142560481174505e-05,1.3933523024110954e-06,-0.009991566606229256,0.0008624265246965594,-7.444072984875814e-05,6.425384773926701e-06,-5.546099504517124e-07,4.7871405053938005e-08,0.003977043171943493,-0.00034328025389021853,2.9630388108999693e-05,-2.5575601554137835e-06,2.2075694467779963e-07,-1.9054734067669484e-08,1.644717863438148e-09,1
1.0,-0.30588000000000004,-0.19225,0.09356257440000003,0.058805430000000006,0.0369600625,-0.02861892025747201,-0.017987404928400005,-0.011305343917500002,-0.0071055720156250005,0.00875395532835554,0.005501987419498994,0.0034580785974849012,0.0021734523681393755,0.0013660462200039065,-0.002677659855837393,-0.0016829479118763526,-0.0010577570813986817,-0.0006648156103664722,-0.000417846217774795,-0.000262622385795751,0.0008190425967035419,0.0005147801072847388,0.00032354673605822877,0.00020335379889889656,0.0001278108010929543,8.033093536720432e-05,5.048915366923313e-05,1
1.0,0.016705,-0.40424,0.00027905702500000004,-0.0067528292,0.16340997759999998,4.661647602625001e-06,-0.00011280601178600001,0.002729763675808,-0.066056849345024,7.787282320185064e-08,-1.8844244268851304e-06,4.560070220437264e-05,-0.001103479668308626,0.0267028207792325,1.3008655115869151e-09,-3.14793100511161e-08,7.61759730324045e-07,-1.8433627859095597e-05,0.00044607062111707896,-0.010794348271796945,2.173095837105942e-11,-5.258618744038945e-10,1.2725196295063172e-08,-3.07933753386192e-07,7.4516097257608045e-06,-0.00018031958788036797,0.0043635073453911965,1
1.0,0.13191,-0.51389,0.0174002481,-0.0677872299,0.26408293209999995,0.002295266726871,-0.008941813496109,0.03483517957331099,-0.13570957797686897,0.00030276863394155363,-0.001179514618271738,0.004595108537515454,-0.017901450430928785,0.06973979502653319,3.9938210503230335e-05,-0.000155589773296225,0.0006061407671836634,-0.0023613803263438163,0.009199376361949993,-0.03583858326618514,5.268249347481113e-06,-2.0523846995505033e-05,7.995602859919704e-05,-0.00031148967884801277,0.0012134897359048235,-0.004727467518642481,0.018417089554659878,1
1.0,0.38537,-0.56506,0.1485100369,-0.2177571722,0.3192928036,0.057231312920152995,-0.083917081450714,0.123045867723332,-0.18041959160221602,0.02205523106003936,-0.03233912567866165,0.047418186044540456,-0.06952829801574599,0.10194789443074818,0.008499424393607367,-0.012462528862785842,0.018273546355984552,-0.026794120206328032,0.03928766007677743,-0.057606677227038564,0.0032754231785644713,-0.004802684747851779,0.007042076559205767,-0.010325650103912632,0.015140285563787718,-0.02219988520298385,0.03255122903391041,1
1.0,0.5293800000000001,-0.5212,0.28024318440000007,-0.27591285600000004,0.27164944,0.14835513695767205,-0.14606274770928004,0.14380578054720003,-0.14158368812799998,0.07853624240265245,-0.07732269738233867,0.07612790410607675,-0.07495157282120064,0.0737934182523136,0.04157551600311616,-0.04093308954026245,0.04030058987567492,-0.0396778636200872,0.03906475975440978,-0.038461129593105846,0.022009246661729636,-0.02166915894082414,0.021334326268384794,-0.021004667443201765,0.02068010251878945,-0.020360552783998377,0.02004594074392677,1
1.0,0.6388199999999999,-0.24341999999999997,0.4080909923999999,-0.15550156439999996,0.05925329639999999,0.2606966877649679,-0.09933750937000796,0.037852190806247986,-0.014423437409687994,0.1665382580780168,-0.06345878773574848,0.024180736530847336,-0.009213980286056883,0.003510953134266251,0.10638797002539868,-0.04053874278135085,0.015447138110635894,-0.005886074886338858,0.0022428670812319664,-0.0008546362119430908,0.06796276301162518,-0.025896959663582544,0.009867940767836422,-0.0037601423588909887,0.0014327883488326045,-0.0005459587049134851,0.00020803554671118714,1
1.0,0.73675,-0.18494000000000002,0.5428005625,-0.136254545,0.034202803600000005,0.399908314421875,-0.10038553602875,0.025198915552300003,-0.0063254664977840025,0.29463245065031646,-0.07395904366918157,0.018565301033157025,-0.004660287442242364,0.0011698317741001736,0.21707045801662064,-0.05448932542326953,0.01367798553617844,-0.0034334667730720613,0.0008618735595683029,-0.0002163486883020861,0.15992665994374525,-0.040145010505593826,0.010077255843779467,-0.0025296066450608413,0.0006349853450119471,-0.00015939489610656196,4.001152641458781e-05,1
1.0,0.54666,0.48757,0.2988371556,0.26653501620000003,0.2377245049,0.16336231948029603,0.14570403195589202,0.129954477848634,0.115907336854093,0.08930364556709863,0.07965056610900793,0.07104091486073426,0.06336190476465849,0.056512940229950126,0.04881873088571014,0.04354177846915028,0.038835226517769,0.034637418858648204,0.03089336390610454,0.027554014267916784,0.02668724742598231,0.023802548617945694,0.021229664928203603,0.018934891393268632,0.016888166312911106,0.01506267743969939,0.013434510736608186,1
1.0,0.322,0.5826,0.10368400000000001,0.18759720000000002,0.33942276,0.033386248,0.06040629840000001,0.10929412872,0.197747699976,0.010750371856000002,0.0194508280848,0.035192709447840004,0.063674759392272,0.11520781000601761,0.0034616197376320006,0.006263166643305601,0.01133205244220448,0.020503272524311587,0.03709691482193767,0.06712007010950585,0.0011146415555175042,0.0020167396591444036,0.003648920886389843,0.00660205375282833,0.011945206572663932,0.021612662575260885,0.039104152845798115,1
1.0,0.16647,0.53874,0.0277122609,0.0896840478,0.2902407876,0.0046132600720230005,0.014929703437266,0.048316383911772,0.156364321911624,0.0007679694041896689,0.0024853477312016714,0.008043228429792685,0.02602996866862805,0.08423971478666831,0.0001278438667154542,0.0004137358368131422,0.0013389562367075883,0.004333208884266511,0.014023385320536673,0.04538330394416969,2.128216849212166e-05,6.887460475428379e-05,0.00022289604472471223,0.0007213492829638462,0.00233447295430974,0.007554958607585928,0.024449801166881977,1
1.0,-0.046659,0.81652,0.0021770622809999998,-0.03809800668,0.6667049104,-0.00010157954896917899,0.00177761489368212,-0.0311077844143536,0.544377893439808,4.739600175352923e-06,-8.294173332431404e-05,0.0014514581129893246,-0.025400128130008002,0.4444954375514721,-2.2114500458179202e-07,3.869978335179169e-06,-6.77235840939689e-05,0.0011851445784180432,-0.020739712620714137,0.362939414669528,1.0318404768781833e-08,-1.8056931914112482e-07,3.159914710240495e-06,-5.5297660884407485e-05,0.0009676942511699008,-0.016934390149065507,0.296347290865963,1
1.0,-0.17339000000000002,0.6995600000000001,0.030064092100000005,-0.12129670840000002,0.4893841936000001,-0.005212812929219001,0.021031636269476007,-0.08485432532830402,0.3423536064748161,0.0009038496337972827,-0.003646675412764445,0.014712891468674636,-0.05936069182666837,0.23949688894552237,-0.00015671848800411086,0.0006322970498192272,-0.002551068251753495,0.01029255035582603,-0.041526365574264125,0.16754244363072965,2.7173418635032787e-05,-0.00010963398546815581,0.0004423297241715386,-0.0017846253061966754,0.007200256526921658,-0.029050184301132216,0.11720599186631325,1
1.0,-0.47868999999999995,0.63377,0.22914411609999996,-0.30337936129999993,0.40166441289999993,-0.10968899693590896,0.14522466646069696,-0.19227273781110094,0.25456285496363296,0.052507025943250255,-0.06951759558807101,0.09203903686279591,-0.12185669304254144,0.16133430059030163,-0.025134588248774462,0.03327737783205371,-0.04405816655585176,0.05833158039253416,-0.07722911634957148,0.10224883968511546,0.012031676048805846,-0.01592954799442579,0.021090203748620678,-0.02792274421810217,0.03696880570537637,-0.048945497068867916,0.06480224712723562,1
1.0,-0.60541,0.59722,0.3665212681,-0.3615629602,0.35667172839999994,-0.221895640920421,0.218893831734682,-0.21593263109064398,0.21301148963504798,0.13433783996963208,-0.13252051467049383,0.13072777418858678,-0.1289592859399544,0.12721472183984334,-0.08132947169601495,0.08022924478666367,-0.07914390177151231,0.0780732413009078,-0.07701706474905956,0.07597517617719124,0.04923767545948442,-0.04857158708629405,0.04791450957149127,-0.04726632101598258,0.04662690116972815,-0.04599613140943335,0.04537389471654215,1
1.0,-0.62846,0.33405999999999997,0.3949619716,-0.2099433476,0.11159608359999998,-0.24821780067173602,0.131940996232696,-0.070133674699256,0.03727978768741599,0.15599495901015922,-0.08291963849240012,0.044076209201494417,-0.02342885537003345,0.012453685874858185,-0.09803659193952467,0.05211167600693378,-0.027700134434771182,0.014724098445851224,-0.007826643424913375,0.004160278303355125,0.06161207657031367,-0.03275010390331761,0.017408426486876297,-0.00925350690927966,0.00491873232682106,-0.002614568502526562,0.0013897825700188127,1
1.0,-0.5938899999999999,0.005117,0.3527053320999999,-0.0030389351299999995,2.6183689e-05,-0.20946816968086893,0.0018047931843556994,-1.555023106021e-05,1.3398193661300001e-07,0.12440105129177122,-0.0010718486242570064,9.235126724348114e-06,-7.957053233509457e-08,6.85585569648721e-10,-0.07388054035167001,0.0006365601794599933,-5.484649410323102e-06,4.72561434484893e-08,-4.071624139586789e-10,3.5081413598925054e-12,0.04387691410945329,-0.00037804672497949543,3.257278438296786e-06,-2.8064951032623313e-08,2.4180968602591976e-10,-2.0834500722265595e-12,1.795115933856995e-14,1
1.0,-0.42108,-0.27266,0.1773083664,0.11481167280000001,0.07434347560000001,-0.07466100692371201,-0.048344899182624,-0.031304550705648006,-0.020270492057096003,0.03143825679543665,0.020357070147819317,0.013181720211134262,0.008535498795401985,0.005526952364287797,-0.013238021171422466,-0.008571955097843758,-0.005550558746504416,-0.0035941278327678676,-0.0023272891015543055,-0.0015069788316467107,0.005574265954862572,0.0036094788526000498,0.0023372292769780795,0.001513415347821894,0.000979974894882487,0.000634558646429797,0.00041089284823679216,1
1.0,-0.11578,-0.39693,0.013405008399999998,0.0459565554,0.15755342490000002,-0.0015520318725519998,-0.005320849984211999,-0.018241535534922002,-0.062537680945557,0.00017969425020407053,0.0006160480111720652,0.002112004984233269,0.007240612699876589,0.02482308169771994,-2.0805000288627285e-05,-7.132603873350172e-05,-0.0002445279370745279,-0.0008383181383917115,-0.0028740163989620145,-0.009853025818275976,2.4088029334172667e-06,8.258128764564828e-06,2.831144455448884e-05,9.706047406299236e-05,0.00033275361867182203,0.0011407833292399925,0.003910961538048283,1
1.0,0.20104,-0.6016100000000001,0.0404170816,-0.12094767440000001,0.3619345921000001,0.008125450084863999,-0.024315320461376005,0.07276333039578402,-0.2177434699532811,0.0016335404850610585,-0.0048883520255550315,0.014628339942768421,-0.04377514719940763,0.13099664895859345,0.00032840697911667516,-0.0009827542912175836,0.0029408814620941626,-0.00880055559296891,0.026335566306635628,-0.07880889397997942,6.602293908161638e-05,-0.00019757292270638298,0.0005912348091394106,-0.0017692636964104693,0.005294502250286027,-0.015843740045735064,0.04741221870729543,1
1.0,0.46601000000000004,-0.53582,0.21716532010000003,-0.2496974782,0.28710307239999994,0.10120121081980102,-0.11636152181598201,0.13379290276912398,-0.15383556825336797,0.04716077625413548,-0.05422563278146578,0.06234883061943947,-0.07168891316175201,0.08242817418151963,0.021977393342189677,-0.02526968713249087,0.02905517855696499,-0.033407750422508056,0.038412353450329964,-0.044166664289941836,0.010241685071393811,-0.011775926900612072,0.013540003759331256,-0.015568345774392981,0.017900540831388267,-0.020582107225755795,0.023665382059836634,1
1.0,0.6733899999999999,-0.53582,0.45345409209999993,-0.36081582979999993,0.28710307239999994,0.3053514510792189,-0.24296977162902195,0.19333233792343593,-0.15383556825336797,0.2056206136422352,-0.16361341451726708,0.13018806303426253,-0.10359133330613544,0.08242817418151963,0.13846286502054475,-0.11017563720178244,0.08766733976664202,-0.06975736793501855,0.05550630821209349,-0.044166664289941836,0.09323950867618462,-0.07419117233530828,0.059034309925459064,-0.046973913993762134,0.037377392886941634,-0.02974139006620393,0.023665382059836634,1
1.0,-0.13882,0.54605,0.0192709924,-0.07580266100000001,0.29817060250000005,-0.002675199164968,0.01052292540002,-0.04139204303905001,0.16281605749512504,0.00037137114808085775,-0.0014607925040307764,0.005746043414680922,-0.022602125101473258,0.08890570819521303,-5.155374277658467e-05,0.0002027872154095524,-0.0007976657468260056,0.0031376270065865174,-0.012341890411659472,0.048546961959996075,7.156690572245484e-06,-2.815092124315406e-05,0.00011073195897438609,-0.0004355653810543404,0.0017133012269465678,-0.006739289259286655,0.02650906857825586,1
1.0,-0.29435,0.7799699999999999,0.0866419225,-0.2295841695,0.6083532008999999,-0.025503049887875,0.06757810029232499,-0.17906876468491498,0.4744972461059729,0.007506822734496006,-0.019891613821045862,0.05270889088500472,-0.13966826439129312,0.37009361704527566,-0.0022096332718988996,0.00585509652822485,-0.015514862032001139,0.041111353623577124,-0.10893705617727689,0.2886619184868036,0.0006504055535834411,-0.0017234476630829845,0.004566799639119536,-0.012101126939099928,0.03206562248578145,-0.08496763570659065,0.2251476365621522,1
1.0,-0.26555,0.96272,0.0705168025,-0.255650296,0.9268297984,-0.018725736903875002,0.0678879361028,-0.24611965296512,0.892277583515648,0.004972619434824007,-0.01802764143209854,0.06535707384488762,-0.23694431230258034,0.8590134752021847,-0.001320479090917515,0.004787240182293768,-0.01735557095950991,0.06292056213195021,-0.22811102833994015,0.8269894528466473,0.00035065322259314615,-0.0012712516304081102,0.004608771868297857,-0.016708555274139378,0.06057488357567111,-0.2196070492034272,0.7961592860445242,1
1.0,-0.16187,0.8019,0.026201896900000004,-0.12980355300000002,0.6430436099999999,-0.004241301051203001,0.021011301124110003,-0.10408946915069998,0.5156566708589999,0.0006865394011582298,-0.0034010993129596867,0.016848962371423807,-0.08346934531194632,0.413505084361832,-0.00011113013286548267,0.0005505359457887844,-0.0027273415390623723,0.013511182925644752,-0.06693406800564974,0.33158972714975304,1.798863460693568e-05,-8.911525354483055e-05,0.0004414747749280262,-0.0021870551801741163,0.010834617588074526,-0.05367442913373053,0.2659018022013869,1
1.0,-0.17339000000000002,0.6483899999999999,0.030064092100000005,-0.11242434209999999,0.4204095920999999,-0.005212812929219001,0.019493256676719,-0.07289481917421899,0.2725893754217189,0.0009038496337972827,-0.003379935775176308,0.012639232696617831,-0.047264271804371843,0.1767442251296883,-0.00015671848800411086,0.00058604706405782,-0.002191516557266566,0.008195152088160036,-0.030645681195236654,0.11459918813183857,2.7173418635032787e-05,-0.00010161470043698542,0.0003799870558644499,-0.0014209574205660686,0.005313654662442084,-0.01987035323017949,0.0743049675928028,1
1.0,-0.28283,0.47295,0.07999280890000002,-0.1337644485,0.2236817025,-0.022624366141187006,0.037832598969255005,-0.063263895918075,0.10579026119737499,0.006398849475711922,-0.010700193966474394,0.017892927682509156,-0.02992065957445357,0.050033504033298495,-0.001809786597215603,0.003026335859537953,-0.005060656736444065,0.008462460147442704,-0.014150975945737814,0.023663345732548524,0.0005118619432904891,-0.0008559385711531194,0.001431305544768475,-0.0023934376035012203,0.004002320526733026,-0.0066927040735367,0.011191579364208825,1
1.0,-0.36348,0.31213,0.1321177104,-0.11345301240000001,0.09742513690000001,-0.04802214537619201,0.041237900947152004,-0.035412088760412005,0.030409307980597006,0.01745508940133827,-0.014989152236270812,0.012871586022634557,-0.0110531752647874,0.009491657299983743,-0.0063445758955984356,0.005448257054839715,-0.0046785640875072095,0.004017608145244924,-0.003450027595398091,0.002962630993043926,0.00230612644653212,-0.00198033247429314,0.0017005644745271204,-0.0014603202086336253,0.0012540160303752981,-0.0010768571133516064,0.0009247260118588007,1
1.0,-0.30012,0.027047,0.0900720144,-0.00811734564,0.0007315402090000001,-0.027032412961727998,0.0024361777734768003,-0.00021954984752508002,1.9785968032823004e-05,0.008112967778073807,-0.0007311456733758572,6.589130023922702e-05,-5.93816472601084e-06,5.351510773837638e-07,-0.002434863889555511,0.00021943143949356228,-1.977529702779681e-05,1.782161997570373e-06,-1.606095413444152e-07,1.447423118999866e-08,0.0007307513505333999,-6.585576362080792e-05,5.934962143982379e-06,-5.348624587108203e-07,4.8202135548285886e-08,-4.344006264742398e-09,3.914845309958938e-10,1
1.0,-0.23675,-0.21418,0.05605056249999999,0.050707115,0.045873072400000006,-0.013269970671874997,-0.012004909476249999,-0.010860449890700001,-0.009825094646632001,0.0031416655565664055,0.002842162318502187,0.002571211511623225,0.002326091157590126,0.002104338771415642,-0.0007437893205170965,-0.0006728819289053928,-0.0006087343253767985,-0.0005507020815594623,-0.0004982022041326533,-0.00045070727806180227,0.0001760921216324226,0.00015930479666835174,0.00014411785153295702,0.00013037871780920268,0.00011794937182840565,0.00010670494808113168,9.653248481527681e-05,1
1.0,-0.06394,-0.18494000000000002,0.0040883236,0.011825063600000001,0.034202803600000005,-0.00026140741098399994,-0.000756094566584,-0.002186927262184,-0.0063254664977840025,1.6714389858316958e-05,4.8344686587380953e-05,0.00013983212914404498,0.0004044503278683091,0.0011698317741001736,-1.0687180875407862e-06,-3.0911592603971383e-06,-8.940866337470233e-06,-2.5860553963899685e-05,-7.47990436359651e-05,-0.0002163486883020861,6.833383451735787e-08,1.9764872310979302e-07,5.716789936178468e-07,1.6535238204517455e-06,4.782650850083608e-06,1.3833335130035386e-05,4.001152641458781e-05,1
1.0,0.062788,-0.16301,0.0039423329439999995,-0.010235071879999998,0.026572260099999995,0.000247531200887872,-0.0006426396932014399,0.0016684190671587996,-0.004331544118900999,1.5541989041347704e-05,-4.035006105673201e-05,0.0001047566963887667,-0.0002719689921375559,0.0007060850068220518,9.758504079281396e-07,-2.533499633630089e-06,6.5774634528578836e-06,-1.707638907833286e-05,4.4333665408342986e-05,-0.00011509891696206265,6.127169541299202e-08,-1.59073374996366e-07,4.1298577527804076e-07,-1.0721923174503637e-06,2.783622183659039e-06,-7.2268307982139894e-06,1.876227445398583e-05,1
1.0,0.22984000000000002,-0.41155,0.052826425600000004,-0.09459065200000001,0.16937340250000002,0.012141625659904003,-0.021740715455680005,0.03892878283060001,-0.06970562379887502,0.0027906312416723362,-0.0049968860403334925,0.008947391445785106,-0.016021140573933435,0.028687349474427012,0.0006413986845859698,-0.00114848428751025,0.002056468449899249,-0.0036822989495128608,0.006593500403202305,-0.011806278676200438,0.0001474190736652393,-0.00026396762864135586,0.00047265870852484344,-0.000846339590556036,0.001515450132672018,-0.0027135550909379086,0.004858873989190291,1
1.0,0.2932,-0.2288,0.08596624000000001,-0.06708416,0.052349440000000004,0.025205301568000004,-0.019669075712000002,0.015348855808000002,-0.011977551872000001,0.0073901944197376015,-0.005766972998758401,0.004500284522905601,-0.0035118182088704005,0.0027404638683136,0.002166805003867065,-0.0016908764832359632,0.0013194834221159223,-0.0010296650988408016,0.0008035040061895476,-0.0006270181330701517,0.0006353072271338235,-0.0004957649848847845,0.0003868725393643884,-0.000301897806980123,0.0002355873746147754,-0.0001838417166161685,0.00014346174884645072,1
1.0,0.48328999999999994,-0.18494000000000002,0.23356922409999994,-0.0893796526,0.034202803600000005,0.11288167031528897,-0.04319629230505399,0.016529872951844,-0.0063254664977840025,0.05455458244667599,-0.020876336108109544,0.007988722298896685,-0.0030570347037140303,0.0011698317741001736,0.026365684150654038,-0.010089324477688259,0.0038608695998337793,-0.0014774343019579536,0.0005653679981048728,-0.0002163486883020861,0.012742271493169588,-0.004876069626821958,0.0018659196689036668,-0.0007140292237932592,0.00027323669980410393,-0.00010455915756951519,4.001152641458781e-05,1
1.0,0.64459,-0.14107999999999998,0.4154962681,-0.09093875719999998,0.019903566399999996,0.267824739454579,-0.058618213503548,0.012829639865775998,-0.002807995147711999,0.17263714880502706,-0.037784714242252,0.00826985756108055,-0.0018100055922636775,0.0003961519554392088,0.1112801797482324,-0.024355648953413214,0.005330667485296912,-0.0011667115047172439,0.0002553555889565596,-5.588911787336357e-05,0.07173009106391312,-0.015699407758880624,0.003436094954347536,-0.0007520505688256883,0.00016459965908550875,-3.6025566489991426e-05,7.88483674957413e-06,1
1.0,0.46025,0.012426999999999999,0.2118300625,0.0057195267499999996,0.00015443032899999998,0.097494786265625,0.0026324121866875,7.107655892224999e-05,1.9191056984829995e-06,0.044871975378753905,0.0012115677089229217,3.271298624396556e-05,8.832683977268005e-07,2.3848726515048233e-08,0.020652326668071482,0.0005576240380317747,1.5056151918785148e-05,4.0652428005375994e-07,1.097637637855095e-08,2.9636812440250434e-10,0.0095052333489799,0.00025664646350412426,6.929593920620865e-06,1.87102799894743e-07,5.0518772282280745e-09,1.3640342925625262e-10,3.682966681949921e-12,1
1.0,0.6273,0.15863,0.39350528999999995,0.09950859899999999,0.0251634769,0.24684586841699996,0.06242174415269999,0.015785049059369997,0.003991682340646999,0.15484641325798407,0.0391571601069887,0.009901961274942798,0.0025039823322878627,0.0006332005696968335,0.0971351550367334,0.024563286535114012,0.006211500307771618,0.001570748117044176,0.00039720671737082365,0.00010044460637100869,0.06093288275454286,0.015408549643477017,0.0038964741430651357,0.0009853302938218115,0.00024916777380671766,6.300890157653374e-05,1.593352790863311e-05,1
1.0,0.5754600000000001,0.26827,0.3311542116000001,0.15437865420000002,0.07196879290000001,0.19056600260733608,0.08883874034593202,0.04141516156223401,0.019307068071283,0.10966311186041763,0.051123141519470054,0.023832768872603185,0.011110445392300517,0.005179507151483091,0.06310673435119594,0.02941932301879424,0.013714805175428233,0.006393616905453256,0.0029805991853924596,0.001389506383528369,0.03631540134973922,0.016929643624395335,0.00789232178625193,0.0036792707844121317,0.001715215607225945,0.0007996053434652353,0.0003727628775091555,1
1.0,0.72523,0.44371000000000005,0.5259585529,0.32179180330000007,0.19687856410000004,0.38144092131966706,0.23337306950725906,0.14278224104224305,0.08735698767681103,0.2766323993686622,0.16924915119874948,0.10354996467106592,0.06335390817285368,0.03876116900207783,0.20062211499413488,0.12274456192386911,0.07509754087839714,0.04594615482419867,0.028110762595376905,0.017198718297911954,0.14549717645719645,0.0890180386440476,0.05446298957123997,0.0333215298631536,0.020386768357045195,0.012473026471194687,0.007631243295966514,1
1.0,0.22408000000000003,0.52412,0.05021184640000001,0.11744480960000002,0.27470177440000004,0.011251470541312005,0.026317032935168006,0.06155517360755202,0.14397669399852803,0.002521229518897194,0.005897120740112448,0.013793283301980257,0.03226229759119016,0.07546106485850851,0.0005649571105944834,0.0013214268154443974,0.0030907989223077368,0.007229335644233893,0.01690931541349459,0.039550653313641486,0.00012659558934201184,0.00029610532080478065,0.0006925862225107177,0.001619949531159931,0.0037890393978558677,0.008862510394520785,0.020729288414745774,1
1.0,0.44297,0.67032,0.19622242089999997,0.29693165039999997,0.44932890240000006,0.08692064578607299,0.13153181317768797,0.19903922389612802,0.301194149856768,0.03850323846385675,0.058264647283320446,0.08816840500926781,0.1334199725620525,0.20189646253198876,0.01705577954233462,0.025809490807092456,0.039055958366955364,0.059101045245812396,0.08943407600779506,0.1353352367644427,0.0075551986638679675,0.011432830142817743,0.017300617877810218,0.02617999001253752,0.039616612649172975,0.05994944982954518,0.09071791590794125,1
1.0,0.322,0.69225,0.10368400000000001,0.2229045,0.47921006250000003,0.033386248,0.07177524900000001,0.154305640125,0.33173316576562506,0.010750371856000002,0.023111630178,0.04968641612025001,0.10681807937653127,0.22964228400125394,0.0034616197376320006,0.007441944917316002,0.015999025990720502,0.03439542155924307,0.07394481544840377,0.15896987109986804,0.0011146415555175042,0.0023963062633757526,0.005151686369012002,0.011075325742076269,0.023810230574386016,0.051188298494157514,0.11004689326888366,1
1.0,0.13767000000000001,0.57529,0.018953028900000005,0.07920017430000001,0.33095858409999995,0.002609263488663001,0.010903487995881003,0.045563068273047,0.19039716384688896,0.00035921730448423535,0.0015010831923929376,0.006272667609150381,0.026211977546801206,0.10953358438947675,4.945344630834469e-05,0.00020665412309673573,0.000863558149751733,0.0036086029488681228,0.015079488562899266,0.06301357576342208,6.808255953269814e-06,2.8450073126727615e-05,0.0001188860504763211,0.0004967963679706744,0.0020759931904543423,0.008675078975350319,0.03625108000093908,1
1.0,-0.0063364,0.39985,4.014996496e-05,-0.00253360954,0.1598800225,-2.54406237972544e-07,1.6053963489256e-05,-0.001013063774569,0.06392802699662499,1.6120196862892277e-09,-1.017243342533217e-07,6.419177301179011e-06,-0.0004050735502614146,0.0255616215946005,-1.0214401540203063e-11,6.445660715627477e-10,-4.067447505119069e-08,2.566708043876427e-06,-0.0001619686590720266,0.01022081439460101,6.472253391934268e-14,-4.084228455850195e-12,2.5772974371436467e-10,-1.6263688849218592e-08,1.0262982113439894e-06,-6.476316832994984e-05,0.004086792635681214,1
1.0,-0.09274199999999999,0.5533600000000001,0.008601078563999998,-0.05131971312,0.3062072896000001,-0.0007976812281824877,0.0047594928341750395,-0.028398276452083208,0.16944286577305606,7.397855246410027e-05,-0.0004414048844270615,0.0026337129547191,-0.015714470257524763,0.09376290420417832,-6.860918912625587e-06,4.093677179153453e-05,-0.0002442558068465588,0.0014573914006233615,-0.008695759261703904,0.05188464067042412,6.362953417947221e-07,-3.7965580894904953e-06,2.265277203856355e-05,-0.00013516139327661176,0.0008064621054489434,-0.004811885345056473,0.028710884761385894,1
1.0,-0.20795,0.35599000000000003,0.0432432025,-0.0740281205,0.12672888010000002,-0.008992423959875,0.015394147657975001,-0.026353270616795006,0.045114214026799014,0.0018699745624560062,-0.0032012130054759015,0.0054801626247625215,-0.009381500806872854,0.01606020905140018,-0.00038886121026272645,0.0006656922444887137,-0.0011395998178193663,0.0019508830927892102,-0.003339720472238668,0.005717273820207951,8.086368867413397e-05,-0.000138430702241428,0.00023697978211553722,-0.0004056861391455163,0.000694494872202031,-0.0011889070909122433,0.0020352923072558286,1
1.0,-0.20795,0.17325,0.0432432025,-0.0360273375,0.030015562499999995,-0.008992423959875,0.007491884833124999,-0.006241736221874999,0.005200196203124999,0.0018699745624560062,-0.0015579374510483435,0.0012979690473389062,-0.0010813808004398436,0.000900933992191406,-0.00038886121026272645,0.00032397309294550304,-0.0002699126633941255,0.0002248731374514655,-0.00018734922367620287,0.0001560868141471611,8.086368867413397e-05,-6.737020467801735e-05,5.61283383528084e-05,-4.676236893303225e-05,3.895927106346639e-05,-3.245825300190215e-05,2.7042040550995653e-05,1
1.0,-0.43836,0.21711,0.1921594896,-0.0951723396,0.0471367521,-0.08423503386105602,0.041719746787056,-0.020662866650556,0.010233860248430999,0.03692526944333252,-0.018288268201573872,0.009057774224937728,-0.004486114978502213,0.002221873398536854,-0.016186561113179242,0.008016845248841923,-0.0039705659092437035,0.00196653336197623,-0.0009739804229826155,0.0004823909335563364,0.0070955409295732534,-0.003514264283282345,0.00174053727197607,-0.0008620495645559003,0.00042695405821865934,-0.00021146088963375564,0.0001047318955844162,1
1.0,-0.21946999999999997,-0.016812999999999998,0.048167080899999985,0.0036899491099999992,0.0002826769689999999,-0.010571229245122996,-0.0008098331311716996,-6.203911438642997e-05,-4.7526478797969985e-06,0.0023200676824271438,0.00017773407729825293,1.3615724434389784e-05,1.043063630179047e-06,7.990626880302692e-08,-0.0005091852542622852,-3.9007297944647565e-05,-2.9882430416155255e-06,-2.2892117491539543e-07,-1.7537028814200315e-08,-1.3434640973852915e-09,0.0001117508877529437,8.5609316799118e-06,6.558297003433594e-07,5.024133025868183e-08,3.848851713852542e-09,2.948500654531499e-10,2.2587661869338903e-11,1
1.0,-0.13882,-0.27266,0.0192709924,0.0378506612,0.07434347560000001,-0.002675199164968,-0.005254428787784,-0.010320361282792002,-0.020270492057096003,0.00037137114808085775,0.0007294198043201748,0.0014326725532771856,0.0028139497073660672,0.005526952364287797,-5.155374277658467e-05,-0.00010125805723572668,-0.0001988836038459389,-0.00039063249837655744,-0.0007672515272104319,-0.0015069788316467107,7.156690572245484e-06,1.4056643505463577e-05,2.760902188589324e-05,5.42276034246337e-05,0.00010650985700735216,0.00020919880140919637,0.00041089284823679216,1
1.0,0.18375999999999998,0.93348,0.03376773759999999,0.17153628479999997,0.8713849104,0.006205159461375998,0.031521507694847996,0.16012569113510397,0.813420386160192,0.0011402601026224532,0.005792392254005267,0.029424697002986704,0.14947413016079686,0.759311662072816,0.000209534196457902,0.0010644100005960076,0.005407082321268837,0.02746736615834803,0.13953111102250065,0.7088022503117322,3.8504003941104065e-05,0.00019559598170952234,0.0009936054473563612,0.0050474032052580334,0.025640236961494717,0.1302495015172839,0.6616527246209958,0
1.0,0.22408000000000003,0.7799699999999999,0.05021184640000001,0.1747756776,0.6083532008999999,0.011251470541312005,0.039163733836608004,0.136319785257672,0.4744972461059729,0.002521229518897194,0.008775809478107124,0.030546537480539142,0.10632534290742642,0.37009361704527566,0.0005649571105944834,0.001966483387854244,0.006844868118639213,0.02382538283869611,0.08293057770750538,0.2886619184868036,0.00012659558934201184,0.0004406495975503792,0.0015337980480246748,0.005338791786495026,0.01858308385269781,0.06468336269452296,0.2251476365621522,0
1.0,0.29896,0.61915,0.0893770816,0.185101084,0.38334672249999996,0.026720172315136,0.05533782007264,0.11460533615859998,0.23734912323587498,0.00798826271533306,0.016543794688916456,0.034262411297975054,0.07095789388259718,0.146954709651492,0.0023881710213759714,0.004945932860198464,0.010243090481642621,0.021213571955141255,0.043933579997410044,0.09098700848072126,0.0007139676085505603,0.0014786360878849326,0.0030622743303918786,0.0063420094717090295,0.013134383076025708,0.02720147605539643,0.056334606300838565,0
1.0,0.50634,0.7580399999999999,0.2563801956,0.3838259736,0.5746246415999999,0.12981554824010402,0.194346443472624,0.29095544102774396,0.4355884633184639,0.06573080469589426,0.09840537818792844,0.1473223780099879,0.22055586251667103,0.33019347873392835,0.0332821356497191,0.049826579191675685,0.07459521288157728,0.11167625542669121,0.1671901660221373,0.250299864619467,0.016852076564878773,0.025229190107913066,0.037770540090457834,0.056546155172750835,0.084655068663649,0.12673683345142092,0.18973730937614075,0
1.0,0.61578,0.7288,0.37918500839999997,0.448780464,0.53114944,0.233494544472552,0.27635003412192,0.32707120216319996,0.387101711872,0.14378127059530807,0.1701708240115959,0.20140390486805526,0.23836949213654016,0.28211972761231363,0.0885376308071788,0.10478779000986052,0.12402049653965108,0.14678316586783868,0.1737236858691105,0.20560885748385416,0.054519702298444564,0.06452622533227191,0.07636934135918634,0.09038613787809771,0.10697557128448085,0.1266098222614077,0.1498477353342329,0
1.0,0.60426,0.59722,0.3651301476,0.3608761572,0.35667172839999994,0.22063354298877602,0.21806302674967198,0.21552245860298397,0.21301148963504798,0.1333200246863978,0.1317667645437568,0.13023160083543908,0.1287143227268741,0.12721472183984334,0.08055995811700274,0.0796213851432105,0.07869374712082243,0.07777691665094094,0.07687076781894374,0.07597517617719124,0.04867916029178008,0.04811201818663637,0.04755148363522817,0.046997479655497575,0.046449930162274944,0.04590875995682958,0.04537389471654215,0
1.0,0.76555,0.5021899999999999,0.5860668024999999,0.3844515544999999,0.2521947960999999,0.4486634406538749,0.29431688754747487,0.1930677261543549,0.12664970465345893,0.3434742969925739,0.22531429326196942,0.1478029977574664,0.09695668139745547,0.06360221517992053,0.26294674806266494,0.17248935720670067,0.1131505849332284,0.07422518744382203,0.048690675830988156,0.031940396441204284,0.20129888297937315,0.1320492274095897,0.08662243029563299,0.05682309224761796,0.03727514688241298,0.024451970495563937,0.01604014768880838,0
1.0,0.92684,0.3633,0.8590323856,0.336720972,0.13198689,0.796185576269504,0.31208646568848,0.1223307291276,0.047950837137000005,0.7379366395096271,0.2892542198587108,0.11338101298462477,0.04444275389205708,0.017420539131872102,0.6839491949631028,0.26809238113384753,0.10508605807466964,0.04119132201731419,0.01614605248898434,0.006328881866609135,0.6339114718596022,0.24847874253009525,0.0973979620659268,0.038177764898527485,0.014964807288890243,0.005865860869248011,0.002299282782139099,0
1.0,0.82316,0.27558,0.6775923856,0.2268464328,0.07594433639999999,0.557766948130496,0.186730909623648,0.062514339951024,0.020928740225112,0.4591314410230991,0.1537094155658021,0.05145930407408491,0.017227701803703192,0.005767542231236364,0.37793863699257424,0.12652744251714565,0.042359240741623734,0.014181155016736322,0.004747610063064525,0.0015894192880841172,0.31110396842680743,0.1041523295824136,0.034868432608875,0.01167335956357667,0.003908042699512195,0.001308346381179322,0.000438012167410221,0
1.0,0.96141,0.085526,0.9243091881,0.08222555166,0.007314696676000001,0.888640096531221,0.0790524676214406,0.007032422531273161,0.0006255967479115761,0.8543474752060811,0.07600183289592921,0.006761041345791329,0.0006014549694096683,5.350478746188546e-05,0.8213782061378785,0.0730689221644753,0.006500132760257242,0.0005782448221401493,5.14400377137313e-05,4.576050452465216e-06,0.7896812211630178,0.0702491924581482,0.006249292637038915,0.0005559303544537609,4.9454966658358405e-05,4.399460665504583e-06,3.913712909975401e-07,0
1.0,0.9383600000000001,0.012426999999999999,0.8805194896000001,0.01166099972,0.00015443032899999998,0.8262442682610562,0.0109422156972592,0.00014491124352044,1.9191056984829995e-06,0.7753145715654448,0.010267737521680144,0.00013597891446984008,1.8008120232285075e-06,2.3848726515048233e-08,0.7275241813741509,0.009634834180843781,0.00012759717418191915,1.6898099701167026e-06,2.2378691012660663e-08,2.9636812440250434e-10,0.6826795908342482,0.009040943001936572,0.00011973208436534568,1.585650083558709e-06,2.099926849864026e-08,2.78099993214334e-10,3.682966681949921e-12,0
1.0,0.8634799999999999,-0.082602,0.7455977103999999,-0.07132517495999999,0.006823090403999999,0.6438087109761919,-0.061587862074460785,0.005891602102045919,-0.0005636009135512079,0.555915945753722,-0.053179887144055395,0.005087280583074609,-0.000486658116833197,4.655456266115687e-05,0.4800223008394239,-0.045919768951148944,0.004392765037873263,-0.0004202195507231289,4.019893376665573e-05,-3.84549998493688e-06,0.4144896563288257,-0.039650802093938085,0.003793064754902805,-0.0003628511776584073,3.471097532883189e-05,-3.3205123269932967e-06,3.176459897557561e-07,0
1.0,0.89804,-0.20686999999999997,0.8064758415999999,-0.18577753479999995,0.042795196899999985,0.7242475647904639,-0.16683565735179195,0.03843179862407598,-0.008853042382702996,0.6504032830844282,-0.14982509372820324,0.034513292436365195,-0.007950386181362599,0.0018314288777097685,0.5840881643411399,-0.13454892717167563,0.0309943171395534,-0.007139764806310867,0.0016446963893384805,-0.00037886769193181975,0.5245345351049172,-0.12083031855725158,0.027834136564004533,-0.006411794386659411,0.001477003145481529,-0.00034023834206245137,7.837635942993555e-05,0
1.0,0.85196,-0.36769,0.7258358416,-0.3132571724,0.13519593610000002,0.6183831036095361,-0.26688258059790404,0.11518152971975602,-0.049710193744609006,0.5268376689511804,-0.22737328336619034,0.09813005606004334,-0.042351096662657094,0.018277941137955285,0.4488446204396477,-0.19371294249665955,0.08360288256091454,-0.03608144031271734,0.015572074731892385,-0.00672061617701478,0.3823976628297623,-0.16503567848945405,0.07122631182659676,-0.030739943888822664,0.013266784788583036,-0.005725696158169512,0.0024711033621265645,0
1.0,0.8289200000000001,-0.5212,0.6871083664000002,-0.43203310400000006,0.27164944,0.5695578670762882,-0.3581208805676801,0.22517565380480004,-0.14158368812799998,0.4721179071768769,-0.2968535603201614,0.18665260295187489,-0.11736155076306176,0.0737934182523136,0.3913479756170568,-0.24606785322058825,0.15472007563886814,-0.09728333665851717,0.061168840257707795,-0.038461129593105846,0.3243961639484908,-0.20397056489161,0.1282505650985706,-0.08064010342297806,0.050704075066419156,-0.0318811995423173,0.02004594074392677,0
1.0,0.79435,-0.55775,0.6309919225,-0.4430487125,0.31108506249999995,0.501228433637875,-0.351935744774375,0.24711041939687498,-0.17350769360937496,0.398150806260246,-0.27956015886152474,0.19629216164790764,-0.137825836418607,0.09677391611062888,0.3162710929528264,-0.2220686121916522,0.1559246786050154,-0.10948195315912047,0.07687236026247805,-0.05397565171070326,0.25122994268707766,-0.1764002020944389,0.123858768449894,-0.08696698949194734,0.06106355937449944,-0.042875558936397135,0.03010491974164474,0
1.0,0.5927399999999999,-0.7405,0.3513407075999999,-0.43892397,0.5483402500000001,0.20825369102282393,-0.26016779397779993,0.325023199785,-0.4060459551250001,0.12344029281686865,-0.15421185820240113,0.1926542514405609,-0.24067967944079252,0.30067702977006255,0.0731679991642707,-0.09140753683089124,0.11419388099887805,-0.14266047319173533,0.17822330262590685,-0.22265134054473135,0.04336959982462982,-0.05418090338114246,0.06768728102327497,-0.0845605688796692,0.10564008039848001,-0.13197435559448403,0.16487331767337357,0
1.0,0.51786,-0.5943,0.2681789796,-0.30776419800000004,0.3531924900000001,0.13887916637565598,-0.15937876757628,0.18290426287140005,-0.20990229680700007,0.07191996509929721,-0.08253588857705235,0.09471880157058322,-0.10870000342447306,0.12474493499240014,0.03724447312632205,-0.042742035258512334,0.04905107858134222,-0.05629138377339761,0.06460041203516434,-0.07413591486598341,0.019287422853197136,-0.022134390378973197,0.025401591554133886,-0.029151056000891684,0.0334539693765302,-0.03839202487249817,0.04405897420485395,0
1.0,0.46601000000000004,-0.41886,0.21716532010000003,-0.19519294860000003,0.1754436996,0.10120121081980102,-0.09096186597708601,0.08175851845059601,-0.073486348014456,0.04716077625413548,-0.042389139163981855,0.038100287183162246,-0.03424537303821664,0.030780491729335044,0.021977393342189677,-0.019753762741807186,0.01775511483022544,-0.01595868628953934,0.014344016950787426,-0.012892716765749277,0.010241685071393811,-0.009205450975309568,0.008274061062033359,-0.007436907397788227,0.0066844553392364486,-0.006008134940006821,0.005400243344501742,0
1.0,0.35081,-0.57968,0.1230676561,-0.2033575408,0.3360289024,0.04317336443644101,-0.071339858888048,0.117882299250944,-0.19478923414323196,0.015145647977947868,-0.025026735896516123,0.04135428940022367,-0.0683340112297872,0.11291542324814871,0.005313244767143892,-0.008779629219856819,0.014507498264492467,-0.02397225447952165,0.03961185962968305,-0.06545481254848684,0.001863939396761749,-0.003079981726617971,0.005089375466166602,-0.008409706593960991,0.013896236476689111,-0.02296220279013467,0.03794284573810685,0
1.0,0.28744000000000003,-0.76974,0.08262175360000001,-0.22125406560000002,0.5924996676,0.023748796854784007,-0.063597268616064,0.17030810445494401,-0.45607069413842394,0.0068263541679391155,-0.01828039889100144,0.04895336154452911,-0.1310929603231486,0.35105585610611045,0.0019621672420324196,-0.005254517857229454,0.014071154242359447,-0.03768136051528583,0.1009074952791404,-0.2702217346791175,0.0005640053520497987,-0.0015103586128820347,0.0040446125754238,-0.01083113026651376,0.029004850443036117,-0.07767253541616553,0.20800047805190386,0
1.0,0.085829,-0.75512,0.007366617241,-0.06481119448,0.5702062144,0.000632269391177789,-0.00556268001102392,0.0489402291757376,-0.43057411661772804,5.426704957539846e-05,-0.00047743926266617204,0.004200490929924383,-0.03695574585518298,0.32513512694037877,4.657686598006875e-06,-4.0978134475374886e-05,0.00036052393602447984,-0.0031718747110045,0.02790602281016577,-0.24551603705521885,3.9976458302033205e-07,-3.517112303886951e-06,3.094340890504508e-05,-0.00027223883457080526,0.0023951460317737177,-0.02107239594441238,0.18539406990113685,0
1.0,0.14919000000000002,-0.57968,0.022257656100000005,-0.0864824592,0.3360289024,0.0033206197135590013,-0.012902318088048002,0.05013215194905601,-0.19478923414323196,0.0004954032550658675,-0.0019248968355558818,0.007479215749279666,-0.02906060584182878,0.11291542324814871,7.390921162327678e-05,-0.000287175358896582,0.0011158241976350336,-0.004335551785542436,0.016845851994391307,-0.06545481254848684,1.1026515282076662e-05,-4.2843691793781083e-05,0.00016646981204517067,-0.0006468209708850761,0.0025132326590432395,-0.009765203484108753,0.03794284573810685,0
1.0,-0.13305999999999998,-0.4481,0.017704963599999995,0.059624185999999996,0.20079361,-0.002355822456615999,-0.007933594189159997,-0.0267175977466,-0.089975616641,0.0003134657360773248,0.0010556440428096292,0.003555043556162595,0.011972155550251459,0.0403180738168321,-4.1709750842448834e-05,-0.00014046399633624925,-0.00047303409558299486,-0.0015930150175164587,-0.005364722902067678,-0.018066528877322463,5.549899447096241e-06,1.8690139352501322e-05,6.294191675827329e-05,0.00021196657823073996,0.0007138300293491252,0.0024039323324165267,0.008095611589928196,0
1.0,-0.40956,-0.41155,0.16773939359999998,0.168554418,0.16937340250000002,-0.068699346042816,-0.06903314743608,-0.06936857072790001,-0.06970562379887502,0.028136504165295714,0.028273215863920925,0.028410591827318723,0.02854863528306725,0.028687349474427012,-0.011523586645938513,-0.011579578289227451,-0.011635841988796657,-0.011692379066533021,-0.011749190850746327,-0.011806278676200438,0.004719600146710577,0.004742532084135996,0.004765575444931558,0.004788730770489265,0.004811998604831665,0.004835379494624651,0.004858873989190291,0
1.0,-0.39228,-0.25804,0.15388359840000002,0.1012239312,0.0665846416,-0.060365457980352005,-0.039708123731136004,-0.026119823206847997,-0.017181500918463998,0.023680161856532485,0.015576702777250031,0.010246284247582333,0.006739959180295058,0.00443351449700045,-0.009289253893080565,-0.006110428965459642,-0.004019412384641598,-0.002643951187246145,-0.0017391790668833365,-0.001144024080805996,0.003643988517177644,0.002396999074570509,0.001576735090247206,0.001037169171732918,0.0006822451643569953,0.00044877776641857615,0.0002952039738111792,0
1.0,-0.74366,-0.25804,0.5530301956,0.1918940264,0.0665846416,-0.411266435259896,-0.142703911672624,-0.049516334572255995,-0.017181500918463998,0.30584239724537426,0.10612319095446356,0.03682331736800389,0.012777194973024937,0.00443351449700045,-0.227442757135495,-0.07891957218519638,-0.027384028193889774,-0.009501888813639725,-0.0032970273908393545,-0.001144024080805996,0.1691400807713822,0.058689329051243126,0.020364406406668072,0.0070661746351513175,0.0024518673894715942,0.000850764947932187,0.0002952039738111792,0
1.0,-0.69758,0.041667,0.4866178564,-0.02906606586,0.0017361388890000003,-0.33945488426751197,0.0202759062226188,-0.00121109576618862,7.233969908796301e-05,0.236796938167331,-0.014144066662774422,0.0008448361845778576,-5.046272728978124e-05,3.0141782418981552e-06,-0.16518480812676675,0.00986661802261818,-0.0005893408256378219,3.5201789302805594e-05,-2.102630457983315e-06,1.2559176480517043e-07,0.11522961845306995,-0.006882755400217991,0.0004111123731484318,-2.4556064181851125e-05,1.4667529548800008e-06,-8.761030329279078e-08,5.233032064137037e-09,0
1.0,-0.7551800000000001,0.2902,0.5702968324000001,-0.21915323600000003,0.08421604,-0.4306767618918321,0.16550014076248,-0.06359826908720001,0.024439494808000003,0.3252384770454738,-0.12498239630100969,0.048028140849271705,-0.018456217689105443,0.007092341393281601,-0.24561359309520095,0.0943842060385965,-0.03626989140655301,0.01393776647445865,-0.0053559943733784005,0.002058197472330321,0.18548247323363387,-0.07127706471622731,0.027390296592400706,-0.010525522486181684,0.0040447398308879005,-0.001554309567154412,0.0005972889064702592,0
1.0,-0.69758,0.68494,0.4866178564,-0.4778004452,0.4691428036,-0.33945488426751197,0.333304034562616,-0.32726463693528796,0.321334671897784,0.236796938167331,-0.23250622843018964,0.22829326543331818,-0.22415664042245614,0.22009497016966817,-0.16518480812676675,0.16219169482833168,-0.15925281610097408,0.15636718922589696,-0.15353384929095712,0.15075184886801252,0.11522961845306995,-0.11314168247834762,0.1110915794557175,-0.10907862386020119,0.10710214258838587,-0.10516147473334816,0.10325597136365648,0
1.0,-0.4038,0.70687,0.16305444,-0.285434106,0.4996651969,-0.06584138287199999,0.1152582920028,-0.20176480650821998,0.353198337732703,0.026586750403713597,-0.04654129831073063,0.08147262886801923,-0.14262148877646547,0.24966530899311576,-0.01073572981301955,0.01879337625787303,-0.03289864753690616,0.057590557167936755,-0.10081485177142015,0.17648091696796375,0.004335087698497294,-0.0075887653329291295,0.013284473875402708,-0.023255066984412858,0.04070903714529945,-0.07126299427166376,0.12474906577714454,0
1.0,-0.38076,0.91886,0.14497817759999998,-0.3498651336,0.8443036996000001,-0.055201890902975996,0.133214648269536,-0.321477076659696,0.775796897414456,0.02101867198021714,-0.05072280947510852,0.12240561170894584,-0.29539242665952825,0.712848737158247,-0.008003069543187477,0.01931321693574232,-0.04660716071429822,0.11247362037488197,-0.27142428516037415,0.6550081906252269,0.0030472487592640637,-0.007353700480453245,0.01774614251357619,-0.042825455693940064,0.10334751081766404,-0.24940091866246136,0.601860826037896,0
1.0,-0.50749,0.9042399999999999,0.2575461001,-0.4588927576,0.8176499775999999,-0.130702070339749,0.23288348555442398,-0.41494918713222395,0.7393518157450238,0.06632999367671921,-0.11818604008401463,0.21058256297773234,-0.37521365297244214,0.6685514858692803,-0.033661808490998237,0.059978233482236576,-0.10686854488556939,0.19041717674698466,-0.33928319356380104,0.604530995582438,0.017083031191096696,-0.030438353709900244,0.0542347178439776,-0.09663481302732725,0.1721828279016934,-0.30679343494813144,0.5466411074454637,0
1.0,-0.54781,0.70687,0.30009579610000003,-0.3872304547,0.4996651969,-0.164395478061541,0.21212871538920702,-0.273721591513789,0.353198337732703,0.09005748683689278,-0.11620623157736149,0.14994742504716876,-0.19348558139335204,0.24966530899311576,-0.04933439186411824,0.0636589357203944,-0.08214269891508952,0.10599333634309219,-0.13676915291951874,0.17648091696796375,0.027025873207082614,-0.03487300157698926,0.04499859189267519,-0.058064209582109325,0.07492350966084158,-0.09667801112422023,0.12474906577714454,0
1.0,0.10311,0.7799699999999999,0.010631672099999998,0.08042270669999999,0.6083532008999999,0.0010962317102309997,0.008292385287836998,0.06272729854479898,0.4744972461059729,0.00011303245164191837,0.0008550278470288728,0.006467811752954223,0.04892541104598686,0.37009361704527566,1.1654776088798204e-05,8.816192130714707e-05,0.0006668960698471098,0.005044699132951705,0.038160352853538373,0.2886619184868036,1.2017239625159828e-06,9.090375705979935e-06,6.876365376193549e-05,0.0005201589275986502,0.003934713982728341,0.02976393041517432,0.2251476365621522,0
1.0,0.057027999999999995,0.91886,0.0032521927839999996,0.05240074808,0.8443036996000001,0.00018546605008595195,0.00298830986150624,0.0481489513807888,0.775796897414456,1.0576757904301667e-05,0.00017041733478197782,0.0027458383993436237,0.044242145465751594,0.712848737158247,6.031713497665154e-07,9.71855976794663e-06,0.00015658967223776814,0.0025230410716208817,0.04065233778266051,0.6550081906252269,3.439765573448484e-08,5.542300264464604e-07,8.929995828375441e-06,0.00014388398623239561,0.0023183215190695633,0.03735380709497543,0.601860826037896,0
1.0,-0.10425999999999999,0.9919600000000001,0.010870147599999998,-0.1034217496,0.9839846416000001,-0.0011333215887759998,0.010782751613296,-0.102590238733216,0.9760734050815362,0.00011816010884578572,-0.0011242096832022408,0.010696058290325099,-0.10176541321380095,0.9682257749046806,-1.2319372948261619e-05,0.00011721010157066561,-0.001115171037349295,0.010610061981670886,-0.100947219291562,0.9604412396744472,1.2844178235857562e-06,-1.2220325189757597e-05,0.00011626773235403746,-0.0011062050622090067,0.010524757083338252,-0.10013560364845786,0.9527192921074646,0
1.0,-0.081221,1.1089,0.006596850841,-0.0900659669,1.22965921,-0.0005358028221568611,0.0073152478975849,-0.09987415069540999,1.363569097969,4.351844101840241e-05,-0.0005941517494897433,0.008111878393631896,-0.11075044570614015,1.512061772737824,-3.534611297955662e-06,4.8257599245306434e-05,-0.0006588548750091763,0.00899526195069841,-0.12281116924353881,1.6767252997889732,2.8708466423125686e-07,-3.919530468303034e-06,5.35128518031203e-05,-0.0007306041708976756,0.009974845977129465,-0.1361853055741602,1.8593206849359922,0
1.0,0.28744000000000003,1.087,0.08262175360000001,0.31244728,1.1815689999999999,0.023748796854784007,0.08980984616320001,0.33963019336,1.2843655029999999,0.0068263541679391155,0.025814942181150213,0.0976233027793984,0.36917802018232,1.396105301761,0.0019621672420324196,0.0074202469805498186,0.02806084215091028,0.10611653012120607,0.40129650793818183,1.5175664630142067,0.0005640053520497987,0.00213287579208924,0.008065808467857653,0.030502135418039474,0.115348668241751,0.4362093041288036,1.6495947452964428,0
1.0,0.39689,0.82383,0.1575216721,0.3269698887,0.6786958688999999,0.06251877643976901,0.129771079126143,0.269367603407721,0.5591300176758869,0.024813077181179925,0.0515048435943749,0.10690930811649038,0.22191311271538275,0.4606280824619259,0.009848062202438501,0.020441757374171456,0.04243123529835387,0.08807509530560827,0.18281867964831378,0.37947923317460835,0.003908597407525817,0.00811312908423491,0.016840532977563667,0.034956124575842865,0.07255890576561926,0.1506115128546703,0.3126263766662376,0
1.0,0.6388199999999999,0.8896200000000001,0.4080909923999999,0.5683070484,0.7914237444000002,0.2606966877649679,0.363045908658888,0.5055773163976081,0.7040663914931282,0.1665382580780168,0.23192098736947075,0.32297290126111994,0.4497716922136401,0.6263515432001168,0.10638797002539868,0.14815576515136533,0.20632154878362863,0.28732315241991757,0.40012589282709854,0.557214859861688,0.06796276301162518,0.09464486589399518,0.13180233179395764,0.1835477762288917,0.25560842285580704,0.3559599967768435,0.4957094836301548,0
1.0,0.82316,0.66301,0.6775923856,0.5457633116,0.4395822601,0.557766948130496,0.449250527576656,0.361846533223916,0.29144743426890096,0.4591314410230991,0.36980506428000015,0.2978575922885987,0.23990786999278851,0.19323256339462405,0.37793863699257424,0.30440873671272495,0.2451844556682829,0.1974825622632638,0.15906131688391872,0.1281151218562697,0.31110396842680743,0.25057709571244663,0.20182603652790376,0.16255974595262823,0.13093291360616655,0.10545924370720695,0.08494160694192536,0
1.0,0.6733899999999999,0.64108,0.45345409209999993,0.43169686119999995,0.4109835664,0.3053514510792189,0.29070034936346795,0.276752223778096,0.263473344747712,0.2056206136422352,0.19575470825786564,0.18636217996993204,0.17742031561966176,0.16890749185086318,0.13846286502054475,0.13181926299376412,0.1254944283699525,0.11947306633512403,0.11374061593745274,0.10828321487575138,0.09323950867618462,0.08876577350737083,0.08450669312004232,0.08045196813940916,0.0765917933661213,0.0729168340651822,0.06941820339254669,0
1.0,1.0709,0.10015,1.1468268099999999,0.107250635,0.010030022500000001,1.228136830829,0.11485470502149998,0.010741151095250001,0.001004506753375,1.3152117321347758,0.12299790360752434,0.011502698707903224,0.0010757262821892875,0.00010060135135050626,1.4084602439431315,0.13171845497329782,0.012318240046293564,0.001151995275596508,0.00010773398716125715,1.0075225337753202e-05,1.5083200752386994,0.14105729343090462,0.013191603265575776,0.0012336717406363003,0.00011537232685099028,1.0789558814199903e-05,1.0090338175759832e-06,0
1.0,-0.046659,-0.57968,0.0021770622809999998,0.027047289119999998,0.3360289024,-0.00010157954896917899,-0.0012619994630500798,-0.0156787725570816,-0.19478923414323196,4.739600175352923e-06,5.888363294645368e-05,0.0007315558487408703,0.00908867087588906,0.11291542324814871,-2.2114500458179202e-07,-2.7474514296485823e-06,-3.4133664346400266e-05,-0.0004240682943981076,-0.00526852073333537,-0.06545481254848684,1.0318404768781833e-08,1.281933362559732e-07,1.5926426447386901e-06,1.9786602548321303e-05,0.00024582390889669504,0.003054056098699847,0.03794284573810685,0
1.0,-0.23675,-0.6381600000000001,0.05605056249999999,0.15108438000000002,0.4072481856000001,-0.013269970671874997,-0.035769226965,-0.09641600794080002,-0.25988950212249606,0.0031416655565664055,0.008468364483963748,0.0228264898799844,0.06152883962750094,0.1658510846744921,-0.0007437893205170965,-0.0020048852915784173,-0.005404171479086307,-0.014566952781810846,-0.03926524429668601,-0.10583952819587389,0.0001760921216324226,0.00047465659278119035,0.0012794375976736831,0.0034487260710937178,0.009296046587240411,0.025057508300373142,0.06754255331347889,0
1.0,-0.15035,-0.36769,0.022605122500000005,0.05528219150000001,0.13519593610000002,-0.0033986801678750006,-0.008311677492025002,-0.020326708992635004,-0.049710193744609006,0.0005109915632400064,0.001249660710925959,0.0030561206970426734,0.0074739276295019644,0.018277941137955285,-7.682758153313496e-05,-0.00018788648788771797,-0.0004594877468003659,-0.0011237050190956205,-0.0027480884500915774,-0.00672061617701478,1.1551026883506843e-05,2.8248733453918397e-05,6.908398273143504e-05,0.00016894904962102655,0.0004131750984712687,0.0010104446422141723,0.0024711033621265645,0
1.0,-0.49021000000000003,-0.3019,0.24030584410000003,0.147994399,0.09114361,-0.11780032783626103,-0.07254833433379,-0.0446795090581,-0.027516255859,0.05774689870861352,0.035563918973767206,0.021902342135371202,0.01348874378464039,0.0083071576438321,-0.028308107215949438,-0.017433788720130423,-0.01073674713818032,-0.006612317090668566,-0.004072251748582934,-0.002507930892672911,0.013876917238330575,0.008546217568495135,0.005263260814607374,0.0032414239610166385,0.00199625852967284,0.0012294128028971878,0.0007571443364979519,0
1.0,-0.46717,-0.13377,0.21824780889999998,0.0624933309,0.0178944129,-0.10195882888381298,-0.029195009396552996,-0.008359732874492999,-0.002393735613633,0.04763210608965091,0.013639032539787663,0.0039054164069768946,0.0011182814666209286,0.00032021001303568643,-0.022252291001902215,-0.006371746831612603,-0.0018244933828473957,-0.0005224275527612992,-0.00014959251178988162,-4.283449344378377e-05,0.010395602787358656,0.002976688967324459,0.0008523485736648179,0.00024406247982349612,6.988513373287899e-05,2.0010990302132463e-05,5.729970187974955e-06,0
1.0,-0.28859,-0.060673000000000005,0.0832841881,0.017509621070000002,0.0036812129290000007,-0.024034983843779004,-0.005053101544591301,-0.0010623612391801103,-0.00022335023204121706,0.006936255987476183,0.0014582745747536037,0.000306586830014988,6.445664346477484e-05,1.3551328628636764e-05,-0.0020017341154257517,-0.0004208434595281425,-8.84778932740254e-05,-1.860154273749937e-05,-3.910777928938284e-06,-8.221997618852784e-07,0.0005776804483707177,0.00012145121398522665,2.5533835219950992e-05,5.368219218614944e-06,1.1286114025122994e-06,2.372786292824725e-07,4.98853261528655e-08,0
1.0,-0.6111800000000001,-0.067982,0.37354099240000005,0.04154923876,0.004621552324,-0.22830078373503207,-0.025394063745336804,-0.00282460034938232,-0.000314182370090168,0.1395328730031769,0.01552034387987495,0.0017263392415354864,0.0001920219809517089,2.1358745883469803e-05,-0.08527970132208167,-0.009485723772501972,-0.0010551040176416588,-0.00011735999431806545,-1.3054038309059076e-05,-1.452010262650044e-06,0.052121247854029884,0.005797484655277756,0.0006448584735022291,7.172808132731526e-05,7.978367133730727e-06,8.87439632326454e-07,9.87105616754753e-08,0
1.0,-0.6630199999999999,-0.21418,0.43959552039999994,0.1420056236,0.045873072400000006,-0.2914606219356079,-0.094152568559272,-0.030414764462648,-0.009825094646632001,0.19324422155574675,0.0624250360061685,0.02016559713402488,0.006514234252609948,0.002104338771415642,-0.1281247837758912,-0.04138904737280984,-0.01337019421180117,-0.004319067594165448,-0.001395218692223999,-0.00045070727806180227,0.08494929413909137,0.02744176618912038,0.008864706166308413,0.002863628196283575,0.0009250578973183558,0.0002988279395005361,9.653248481527681e-05,0
1.0,-0.59965,-0.41886,0.35958012250000004,0.251169399,0.1754436996,-0.215622220457125,-0.15061373011035,-0.10520481446514,-0.073486348014456,0.12929786449711503,0.09031552326067138,0.06308606699402121,0.04406608858686854,0.030780491729335044,-0.07753346444569502,-0.0541577035232616,-0.03782956007296481,-0.026424230021115724,-0.01845752186549576,-0.012892716765749277,0.04649294195486102,0.032475666917723814,0.022684495697753354,0.015845289532162042,0.011068052986644534,0.007731117608581554,0.005400243344501742,0
1.0,-0.72638,-0.082602,0.5276279044000001,0.060000440759999996,0.006823090403999999,-0.38325835719807205,-0.043583120159248805,-0.0049561564076575195,-0.0005636009135512079,0.27839120550153557,0.031657906821275145,0.003600052891394269,0.0004093884315853264,4.655456266115687e-05,-0.20221780385220542,-0.02299567035683784,-0.0026150064192509695,-0.00029737156893494944,-3.381630322581113e-05,-3.84549998493688e-06,0.14688696836216497,0.01670359503379987,0.001899488362815519,0.00021600476024296857,2.456348633716469e-05,2.793294279058451e-06,3.176459897557561e-07,0
1.0,-0.8300700000000001,0.31213,0.6890162049000002,-0.25908974910000004,0.09742513690000001,-0.5719316812013432,0.21506262803543705,-0.08086968338658303,0.030409307980597006,0.47474333061479895,-0.17851703565337526,0.06712749808870097,-0.02524185427545416,0.009491657299983743,-0.3940701964434262,0.1481816357847972,-0.055720522338488024,0.020952505978426236,-0.007878739974997507,0.002962630993043926,0.32710584796179487,-0.12300113041588663,0.046251933977508757,-0.01739204663751227,0.006539905691046181,-0.002459191108395972,0.0009247260118588007,0
1.0,-0.7206199999999999,0.53874,0.5192931843999999,-0.3882268188,0.2902407876,-0.3742130545423279,0.279764010163656,-0.20915331636031198,0.156364321911624,0.2696654113642923,-0.20160354100413372,0.15072006283556802,-0.11267925765595448,0.08423971478666831,-0.1943262887373363,0.14527954371839882,-0.10861189168056701,0.08119892665203392,-0.06070482326956891,0.04538330394416969,0.14003541018989926,-0.10469134479435255,0.07826790138285018,-0.058513570523988666,0.043745109744516744,-0.03270411648824756,0.024449801166881977,0
1.0,-0.5938899999999999,0.49488000000000004,0.3527053320999999,-0.2939042832,0.24490621440000004,-0.20946816968086893,0.17454681474964795,-0.14544735167001602,0.12119918738227203,0.12440105129177122,-0.10366160781166843,0.08637972768330579,-0.07197898539445753,0.05997905385173879,-0.07388054035167001,0.061563592263271745,-0.05130005647383847,0.042747599635914374,-0.035620960292009146,0.029682434170148493,0.04387691410945329,-0.036562001809234454,0.030466590539247922,-0.025387371947773185,0.021154932107821305,-0.017628100829309486,0.014689243022123087,0
1.0,-0.48445,0.9992700000000001,0.2346918025,-0.4840963515,0.9985405329000002,-0.11369644372112499,0.234520477484175,-0.4837429611634051,0.9978115983109833,0.055080242160699004,-0.11361344531720857,0.2343492775356116,-0.48338982880175585,0.9970831958442163,-0.026683623314750632,0.0550400335839217,-0.11353050750212702,0.2341782025630106,-0.4830369542267306,0.9963553251112502,0.012926881314830944,-0.026664144269730867,0.054999854359405444,-0.11344763023165048,0.23400725247513962,-0.48268433725014515,0.9956279857239191,0
1.0,-0.0063364,0.9992700000000001,4.014996496e-05,-0.006331774428,0.9985405329000002,-2.54406237972544e-07,4.01206554855792e-05,-0.006327152232667561,0.9978115983109833,1.6120196862892277e-09,-2.5422052141882406e-07,4.0091367407074734e-05,-0.0063225334115377145,0.9970831958442163,-1.0214401540203063e-11,1.6108429119182367e-09,-2.5403494043818833e-07,4.006210070886757e-05,-0.0063179179621472925,0.9963553251112502,6.472253391934268e-14,-1.0206945027078716e-11,1.6096669965925365e-09,-2.538494949316685e-07,4.0032855375350105e-05,-0.006313305882034926,0.9956279857239191,0
1.0,0.63265,-0.030612,0.4002460225000001,-0.0193666818,0.0009370945440000001,0.25321564613462505,-0.012252331240770003,0.0005928528632616001,-2.8686338180928e-05,0.16019687852707054,-0.007751437359473142,0.00037506836394245137,-1.81484118501641e-05,8.78146184394568e-07,0.1013485552001512,-0.004903946845470683,0.00023728700044819184,-1.148159275700632e-05,5.555591835572235e-07,-2.6881810996686514e-08,0.06411816344737566,-0.0031024819717870283,0.00015011962083354857,-7.2638296577200484e-06,3.514745174774775e-07,-1.7006777727053724e-08,8.229059982305676e-10,0
